,sales,sales,sales,sales,sales,sales,sales,sales,sales,sales,sales,sales,sales,sales,sales,sales,sales,sales,sales,sales,sales,sales,sales,sales,sales,sales,sales,sales,sales,sales,sales,sales,sales,sales,onpromotion,onpromotion,onpromotion,onpromotion,onpromotion,onpromotion,onpromotion,onpromotion,onpromotion,onpromotion,onpromotion,onpromotion,onpromotion,onpromotion,onpromotion,onpromotion,onpromotion,onpromotion,onpromotion,onpromotion,onpromotion,onpromotion,onpromotion,onpromotion,onpromotion,onpromotion,onpromotion,onpromotion,onpromotion,onpromotion,onpromotion,onpromotion,onpromotion,onpromotion
family,AUTOMOT,AUTOMOTIVE,BABY CARE,BEAUTY,BEVERAGES,BOOKS,BREAD/BAKERY,CELEBRATION,CLEANING,DAIRY,DELI,EGGS,FROZEN FOODS,GROCERY I,GROCERY II,HARDWARE,HOME AND KITCHEN I,HOME AND KITCHEN II,HOME APPLIANCES,HOME CARE,LADIESWEAR,LAWN AND GARDEN,LINGERIE,"LIQUOR,WINE,BEER",MAGAZINES,MEATS,PERSONAL CARE,PET SUPPLIES,PLAYERS AND ELECTRONICS,POULTRY,PREPARED FOODS,PRODUCE,SCHOOL AND OFFICE SUPPLIES,SEAFOOD,AUTOMOT,AUTOMOTIVE,BABY CARE,BEAUTY,BEVERAGES,BOOKS,BREAD/BAKERY,CELEBRATION,CLEANING,DAIRY,DELI,EGGS,FROZEN FOODS,GROCERY I,GROCERY II,HARDWARE,HOME AND KITCHEN I,HOME AND KITCHEN II,HOME APPLIANCES,HOME CARE,LADIESWEAR,LAWN AND GARDEN,LINGERIE,"LIQUOR,WINE,BEER",MAGAZINES,MEATS,PERSONAL CARE,PET SUPPLIES,PLAYERS AND ELECTRONICS,POULTRY,PREPARED FOODS,PRODUCE,SCHOOL AND OFFICE SUPPLIES,SEAFOOD
date,,,,,,,,,,,,,,,,,,,,,,,,,,,,,,,,,,,,,,,,,,,,,,,,,,,,,,,,,,,,,,,,,,,,
2016-01-01,,0.074074075,0.0,0.24074075,94.51852,0.0,12.610223,0.24074075,13.592592,19.12963,5.466315,4.259259,11.039351,60.12963,0.5185185,0.074074075,1.1296296,0.11111111,0.018518519,4.0185184,0.0,0.2037037,0.3148148,13.574074,0.2962963,7.365722,4.185185,0.037037037,0.18518518,4.836648,1.7536851,44.157574,0.0,0.24074075,,0.0,0.0,0.0,0.018518518518518517,0.0,0.0,0.0,0.0,0.2037037037037037,0.8703703703703703,0.4444444444444444,0.0,0.07407407407407407,0.0,0.0,0.0,0.0,0.0,0.0,0.0,0.0,0.0,0.0,0.0,0.7592592592592593,0.018518518518518517,0.0,0.0,0.5,0.018518518518518517,0.0,0.0,0.037037037037037035
2016-01-02,,11.574074,0.16666667,7.0740743,4639.074,0.0,619.71436,19.25926,1729.2037,1019.2407,418.35873,222.81482,218.43114,5729.9478,34.925926,1.962963,46.75926,32.592594,1.0,454.03705,17.75926,6.814815,7.5185184,176.24074,6.648148,423.14896,546.7963,7.759259,13.87037,468.6951,135.7271,2706.0403,2.6851852,27.444408,,0.0,0.0,0.24074074074074073,2.8703703703703702,0.0,0.07407407407407407,0.0,2.3703703703703702,6.981481481481482,0.1111111111111111,0.4074074074074074,9.277777777777779,8.777777777777779,0.0,0.0,0.05555555555555555,0.42592592592592593,0.0,0.18518518518518517,0.0,0.0,0.0,0.0,0.0,0.16666666666666666,0.9259259259259259,0.05555555555555555,0.0,0.16666666666666666,0.018518518518518517,0.07407407407407407,0.0,0.7407407407407407
2016-01-03,,12.240741,0.3148148,7.851852,5540.315,0.0,757.507,13.555555,1917.4814,1266.1296,469.7327,270.16666,211.99113,6438.5537,34.851852,1.925926,35.462963,30.796297,0.9444444,507.68518,27.851852,5.462963,6.5925927,0.0,5.2222223,452.18005,626.7222,8.611111,15.981482,483.43533,133.796,3396.1487,4.1296296,33.68709,,0.0,0.0,0.2962962962962963,2.8518518518518516,0.0,24.88888888888889,0.0,2.3518518518518516,7.611111111111111,0.037037037037037035,0.48148148148148145,1.3518518518518519,10.907407407407407,1.2962962962962963,0.0,0.037037037037037035,0.3888888888888889,0.0,0.09259259259259259,0.018518518518518517,0.0,0.037037037037037035,0.0,0.0,0.2962962962962963,0.8333333333333334,0.037037037037037035,0.0,0.24074074074074073,0.0,0.25925925925925924,0.05555555555555555,0.0
2016-01-04,,7.537037,0.33333334,5.4814816,4028.2407,0.0,579.23834,10.648149,1555.1666,967.44446,342.38678,240.7037,158.26338,5055.163,23.574074,1.5185186,27.925926,24.12963,0.6111111,377.83334,9.62963,3.5185184,4.7222223,60.166668,2.3703704,365.74356,468.2963,5.314815,9.759259,360.7047,107.1048,2871.4724,2.1111112,25.791075,,0.16666666666666666,0.0,0.2777777777777778,2.7962962962962963,0.0,0.14814814814814814,0.018518518518518517,2.2037037037037037,7.111111111111111,0.05555555555555555,7.018518518518518,0.9444444444444444,9.481481481481481,0.0,0.0,0.05555555555555555,0.5925925925925926,0.0,0.12962962962962962,0.0,0.0,0.0,0.0,0.0,0.25925925925925924,0.7037037037037037,0.037037037037037035,0.0,0.09259259259259259,0.0,0.14814814814814814,0.0,0.0
2016-01-05,,6.259259,0.074074075,5.1666665,3464.2407,0.0,503.51624,11.407408,1346.0741,836.55554,302.01758,173.27777,151.68863,4337.2725,24.018518,1.2037038,26.518518,24.925926,0.42592594,320.24075,10.407408,2.3333333,4.185185,54.796295,2.4814816,349.72263,385.96295,5.611111,7.3703704,374.6988,100.65741,2611.3728,2.1851852,22.22828,,0.037037037037037035,0.0,0.18518518518518517,3.037037037037037,0.0,0.18518518518518517,0.0,2.314814814814815,7.018518518518518,0.037037037037037035,0.2037037037037037,1.0,9.092592592592593,0.0,0.0,0.0,0.48148148148148145,0.0,0.14814814814814814,0.0,0.05555555555555555,0.0,0.018518518518518517,0.0,0.5,0.6851851851851852,0.0,0.0,0.3148148148148148,0.18518518518518517,47.648148148148145,0.0,0.0
2016-01-06,,6.6296296,0.11111111,3.5370371,3154.8147,0.0,474.66537,13.166667,1242.6852,816.7222,266.9987,157.11111,152.00058,4085.7922,21.5,1.1296296,28.333334,26.814816,0.5185185,291.18518,8.592592,5.111111,4.0740743,65.111115,1.6666666,341.07416,340.42593,4.351852,7.2777777,380.11966,105.2342,3182.3362,1.7777778,25.531834,,0.05555555555555555,0.0,0.2037037037037037,2.888888888888889,0.0,0.2037037037037037,0.05555555555555555,2.240740740740741,49.851851851851855,0.09259259259259259,0.24074074074074073,0.8148148148148148,10.148148148148149,0.0,0.0,0.018518518518518517,0.6111111111111112,0.0,0.12962962962962962,0.0,0.5925925925925926,0.0,0.018518518518518517,0.0,0.6111111111111112,0.5555555555555556,0.018518518518518517,0.0,0.3148148148148148,3.240740740740741,93.0,0.0,0.0
2016-01-07,,5.388889,0.25925925,3.4629629,2659.926,0.0,400.4072,12.537037,1041.0927,663.2778,234.4159,123.833336,123.984184,3395.2495,15.685185,1.2962962,27.018518,23.222221,0.46296296,240.42592,8.407408,3.0370371,3.925926,72.90741,1.925926,344.32773,299.7037,5.314815,6.5925927,314.84576,96.02926,1953.3798,1.3888888,18.200815,,0.05555555555555555,0.0,0.2222222222222222,2.685185185185185,0.0,0.5185185185185185,0.0,2.2222222222222223,7.092592592592593,0.2222222222222222,0.25925925925925924,0.9444444444444444,11.018518518518519,0.0,0.0,0.0,0.3333333333333333,0.0,0.25925925925925924,0.0,0.0,0.0,0.0,0.0,9.037037037037036,1.3888888888888888,0.037037037037037035,0.0,0.46296296296296297,0.0,0.24074074074074073,0.0,0.0
2016-01-08,,5.759259,0.14814815,3.5925925,2818.9814,0.0,415.99106,15.111111,1054.5741,723.0926,280.60086,161.09259,158.67613,3603.7847,19.25926,1.1111112,27.481482,25.925926,0.5185185,234.66667,7.7222223,5.314815,3.5,128.68518,2.7777777,493.91818,276.68518,5.185185,6.8703704,477.67343,109.65804,2118.7986,0.962963,26.849722,,0.05555555555555555,0.0,0.14814814814814814,1.8888888888888888,0.0,0.5740740740740741,0.018518518518518517,1.6481481481481481,8.722222222222221,49.333333333333336,12.222222222222221,1.0185185185185186,8.11111111111111,0.0,0.0,0.0,0.4074074074074074,0.0,0.18518518518518517,0.018518518518518517,0.0,0.0,0.018518518518518517,0.0,22.166666666666668,0.8333333333333334,0.018518518518518517,0.0,23.61111111111111,0.6111111111111112,0.14814814814814814,0.0,2.2222222222222223
2016-01-09,,9.203704,0.2037037,5.5740743,4219.5186,0.0,559.5539,21.11111,1540.4814,1013.5,352.47046,188.88889,231.02324,5147.816,26.11111,1.7592592,37.25926,41.055557,0.6666667,377.07407,17.277779,6.148148,5.2222223,189.14815,6.037037,395.7223,447.55554,8.555555,11.351851,472.90012,137.8289,2816.4707,1.8148148,29.389723,,0.0,0.0,0.2222222222222222,2.259259259259259,0.0,0.4074074074074074,0.018518518518518517,1.8703703703703705,7.074074074074074,0.2037037037037037,0.24074074074074073,8.537037037037036,9.055555555555555,0.0,0.0,0.018518518518518517,0.5,0.0,0.16666666666666666,0.0,0.0,0.0,0.0,0.0,0.2962962962962963,1.0185185185185186,0.07407407407407407,0.0,0.3333333333333333,0.018518518518518517,0.12962962962962962,0.0,0.7592592592592593
2016-01-10,,9.814815,0.24074075,6.2777777,4872.6113,0.0,694.743,14.5,1591.963,1162.9259,410.76526,234.83333,185.9643,5757.904,25.814816,2.0555556,33.833332,35.166668,0.8888889,421.33334,17.37037,5.5740743,5.9074073,0.0,6.037037,428.47845,511.2037,8.981482,12.537037,526.6398,138.35521,3113.3628,2.8888888,33.135944,,0.0,0.0,0.2222222222222222,1.7962962962962963,0.0,25.59259259259259,0.0,1.6481481481481481,7.5,0.18518518518518517,0.18518518518518517,1.2777777777777777,8.444444444444445,1.1481481481481481,0.0,0.0,0.4444444444444444,0.0,0.18518518518518517,0.0,0.0,0.037037037037037035,0.0,0.0,0.2037037037037037,0.7777777777777778,0.07407407407407407,0.0,0.16666666666666666,0.0,0.1111111111111111,0.0,0.0
2016-01-11,,6.037037,0.037037037,3.4814816,2923.5,0.0,466.14355,9.111111,1052.0,735.7593,258.93863,190.7963,108.42379,3723.5676,20.666666,0.7962963,27.666666,26.88889,0.537037,256.55554,7.203704,3.2407408,3.7962964,43.703705,3.7407408,309.84027,290.64816,5.462963,7.0,333.98633,93.292076,2131.8428,1.6481482,18.413906,,0.0,0.0,0.14814814814814814,1.7962962962962963,0.0,0.3333333333333333,0.0,1.5555555555555556,6.777777777777778,0.2037037037037037,7.0,0.5925925925925926,6.944444444444445,0.0,0.0,0.018518518518518517,0.4074074074074074,0.0,0.24074074074074073,0.0,0.0,0.0,0.0,0.0,0.1111111111111111,0.6111111111111112,0.037037037037037035,0.0,0.25925925925925924,0.0,0.12962962962962962,0.0,0.0
2016-01-12,,5.9444447,0.037037037,3.0,2524.3518,0.0,419.2802,9.851851,951.3333,668.2593,244.80725,138.87038,106.30946,3352.4497,17.12963,0.8518519,32.425926,25.092592,0.4814815,225.25926,7.111111,3.5555556,3.6666667,46.61111,3.7962964,315.69342,256.05554,5.685185,6.0925927,322.3969,85.72814,2181.862,0.962963,17.610832,,0.0,0.0,0.12962962962962962,1.8518518518518519,0.0,0.46296296296296297,0.0,1.962962962962963,6.388888888888889,0.18518518518518517,0.18518518518518517,0.7592592592592593,7.018518518518518,0.0,0.0,0.037037037037037035,0.42592592592592593,0.0,0.1111111111111111,0.0,0.07407407407407407,0.018518518518518517,0.0,0.0,0.6666666666666666,0.5740740740740741,0.05555555555555555,0.0,0.24074074074074073,0.2222222222222222,46.833333333333336,0.0,0.0
2016-01-13,,5.5185184,0.074074075,2.7777777,2449.3704,0.0,418.39975,11.981482,908.03705,690.05554,217.17697,132.7963,118.13546,3227.7644,16.425926,0.8888889,23.333334,26.925926,0.6481481,214.96297,6.9074073,4.796296,4.685185,59.48148,2.8333333,282.90823,237.35185,5.4074073,5.9444447,308.87167,97.05059,2719.9563,1.4444444,20.149963,,0.0,0.0,0.09259259259259259,2.037037037037037,0.0,0.4444444444444444,0.0,1.7962962962962963,48.833333333333336,0.25925925925925924,0.24074074074074073,0.7777777777777778,7.537037037037037,0.018518518518518517,0.0,0.018518518518518517,0.5,0.0,0.18518518518518517,0.0,0.5555555555555556,0.0,0.037037037037037035,0.0,0.8518518518518519,0.8703703703703703,0.018518518518518517,0.0,0.2037037037037037,3.9074074074074074,94.20370370370371,0.0,0.0
2016-01-14,,5.462963,0.074074075,2.4814816,2233.5,0.0,379.24323,15.240741,852.7037,607.6667,210.40996,116.333336,105.334236,2898.4812,16.518518,0.7407407,20.425926,21.537037,0.3888889,197.2037,5.9259257,3.0,3.7222223,55.851852,4.4444447,322.85327,214.7963,6.3703704,6.0555553,282.48056,89.73544,1708.3654,1.3333334,18.219536,,0.0,0.0,0.14814814814814814,2.185185185185185,0.0,0.4444444444444444,0.0,4.0,6.055555555555555,0.16666666666666666,0.14814814814814814,1.0740740740740742,9.592592592592593,0.0,0.0,0.0,0.3888888888888889,0.018518518518518517,0.2962962962962963,0.0,0.0,0.0,0.0,0.0,9.537037037037036,0.8888888888888888,0.037037037037037035,0.0,0.24074074074074073,0.0,0.2777777777777778,0.0,0.0
2016-01-15,,5.6666665,0.24074075,3.2777777,2628.7964,0.0,420.85648,16.777779,984.8333,707.94446,274.03006,153.5,153.79411,3331.4905,19.277779,0.7962963,37.0,26.981482,0.5185185,214.57408,6.962963,4.611111,3.9629629,134.75926,5.9814816,478.78696,244.55556,5.5740743,7.3703704,465.36304,107.45446,1953.5133,1.425926,25.750093,,0.018518518518518517,0.0,0.14814814814814814,2.5185185185185186,0.0,0.6111111111111112,0.0,4.925925925925926,7.888888888888889,49.574074074074076,12.055555555555555,1.2592592592592593,11.592592592592593,0.0,0.0,0.037037037037037035,0.4444444444444444,0.0,0.3148148148148148,0.0,0.0,0.0,0.0,0.0,22.203703703703702,1.1666666666666667,0.07407407407407407,0.0,24.296296296296298,0.6296296296296297,0.24074074074074073,0.0,2.5185185185185186
2016-01-16,,9.925926,0.37037036,5.4074073,4079.7778,0.0,575.9392,23.814816,1462.7222,1025.4259,353.06775,201.55556,230.52414,4853.8677,25.38889,1.0185186,35.333332,38.185184,0.7777778,351.68518,11.981482,7.3333335,5.5925927,209.64815,9.685185,398.39636,424.22223,9.555555,12.185185,501.20297,138.38486,2740.2139,2.3148148,29.07237,,0.0,0.0,0.2777777777777778,2.740740740740741,0.0,0.35185185185185186,0.037037037037037035,5.2407407407407405,7.481481481481482,0.18518518518518517,0.12962962962962962,9.296296296296296,12.277777777777779,0.0,0.0,0.018518518518518517,0.46296296296296297,0.0,0.4444444444444444,0.0,0.0,0.0,0.018518518518518517,0.0,0.8333333333333334,0.9629629629629629,0.05555555555555555,0.0,0.48148148148148145,0.0,0.2037037037037037,0.0,0.7592592592592593
2016-01-17,,10.574074,0.24074075,6.314815,4654.537,0.0,700.2866,12.962963,1537.463,1158.7778,404.83517,245.77777,182.31508,5495.9375,26.037037,1.2037038,29.314816,40.407406,0.7592593,396.33334,15.518518,5.611111,5.611111,0.0,8.5,413.26752,466.57407,10.592592,14.111111,559.80115,142.35759,3010.914,4.037037,31.569387,,0.0,0.018518518518518517,0.3333333333333333,2.3518518518518516,0.0,25.59259259259259,0.0,5.351851851851852,7.592592592592593,0.1111111111111111,0.14814814814814814,1.6481481481481481,11.055555555555555,1.0925925925925926,0.018518518518518517,0.037037037037037035,0.5370370370370371,0.0,0.37037037037037035,0.0,0.0,0.0,0.0,0.0,0.3148148148148148,1.1111111111111112,0.018518518518518517,0.018518518518518517,0.3333333333333333,0.0,0.1111111111111111,0.0,0.0
2016-01-18,,5.4814816,0.12962963,3.8703704,2935.037,0.0,463.95364,9.888889,1072.1852,760.4074,263.77856,179.16667,115.214874,3689.1968,18.574074,0.8703704,20.0,27.444445,0.6111111,256.05554,6.0185184,3.4444444,4.2222223,43.333332,5.0,306.75494,285.48148,5.537037,6.796296,367.19113,93.33739,2173.313,1.6666666,20.189926,,0.0,0.0,0.2962962962962963,3.240740740740741,0.0,0.3888888888888889,0.018518518518518517,5.166666666666667,7.7592592592592595,0.14814814814814814,6.796296296296297,1.5185185185185186,12.425925925925926,0.0,0.0,0.018518518518518517,0.3888888888888889,0.0,0.4074074074074074,0.0,0.0,0.0,0.018518518518518517,0.0,0.3333333333333333,1.1111111111111112,0.037037037037037035,0.0,0.3888888888888889,0.0,0.2962962962962963,0.0,0.0
2016-01-19,,5.1296296,0.22222222,3.6666667,2522.963,0.0,415.61618,10.203704,926.94446,649.87036,227.56268,141.77777,115.001755,3262.0112,17.148148,0.7592593,24.425926,25.462963,0.44444445,216.81482,5.0185184,2.8333333,4.259259,45.055557,4.185185,279.37726,246.03703,4.9444447,6.388889,310.95563,84.72684,2104.861,1.2222222,17.993704,,0.0,0.0,0.35185185185185186,4.111111111111111,0.0,0.5370370370370371,0.0,6.0,8.25925925925926,0.2222222222222222,0.24074074074074073,2.240740740740741,15.962962962962964,0.0,0.0,0.0,0.48148148148148145,0.0,0.5740740740740741,0.0,0.05555555555555555,0.0,0.0,0.0,0.5555555555555556,1.5555555555555556,0.037037037037037035,0.0,0.7407407407407407,0.18518518518518517,45.592592592592595,0.0,0.037037037037037035
2016-01-20,,6.203704,0.16666667,5.037037,2655.0186,0.0,454.35892,12.796296,1044.2407,780.87036,239.27995,151.7037,141.7048,3755.8982,16.0,0.8518519,18.685184,27.24074,0.44444445,247.83333,5.851852,4.888889,4.740741,52.648148,6.6296296,306.46423,283.07407,5.9814816,7.240741,355.25958,102.72723,2962.3855,1.962963,22.255388,,0.018518518518518517,0.0,0.5185185185185185,5.777777777777778,0.0,0.7037037037037037,0.037037037037037035,7.277777777777778,52.166666666666664,0.24074074074074073,0.3333333333333333,3.462962962962963,21.074074074074073,0.0,0.0,0.0,0.37037037037037035,0.0,0.8148148148148148,0.0,0.5,0.0,0.0,0.0,0.7222222222222222,2.1481481481481484,0.09259259259259259,0.0,0.9074074074074074,4.055555555555555,94.87037037037037,0.0,0.0
2016-01-21,,5.6666665,0.16666667,3.0925925,2144.8333,0.0,375.72644,11.12963,869.4074,589.1852,208.49857,120.388885,98.11549,2852.3955,16.24074,0.46296296,23.61111,24.148148,0.3888889,198.62962,4.5740743,2.3333333,4.6296296,57.592594,6.0,307.63278,234.62962,4.8333335,5.9259257,278.68292,89.73459,1680.2557,1.0185186,17.490463,,0.0,0.0,0.0,0.5370370370370371,0.0,0.2222222222222222,0.0,2.8518518518518516,0.09259259259259259,0.12962962962962962,0.018518518518518517,0.5370370370370371,3.2037037037037037,0.0,0.0,0.0,0.48148148148148145,0.0,0.18518518518518517,0.0,0.0,0.0,0.0,0.0,8.518518518518519,0.6111111111111112,0.0,0.0,0.0,0.0,0.018518518518518517,0.0,0.0
2016-01-22,,6.0925927,0.16666667,3.074074,2503.963,0.0,420.2487,15.462963,988.5741,702.8889,268.99722,141.48148,140.18385,3171.2988,20.277779,0.7777778,22.555555,23.962963,0.37037036,210.07408,7.203704,5.9444447,5.2777777,132.12962,6.8703704,432.15744,238.88889,6.5555553,7.5740743,445.92224,102.76322,1948.044,1.1296296,27.077723,,0.0,0.0,0.0,0.5925925925925926,0.0,0.2037037037037037,0.018518518518518517,2.5185185185185186,1.7037037037037037,50.425925925925924,11.88888888888889,1.1481481481481481,2.8703703703703702,0.0,0.0,0.018518518518518517,0.4444444444444444,0.0,0.25925925925925924,0.0,0.0,0.0,0.018518518518518517,0.0,21.944444444444443,0.5555555555555556,0.037037037037037035,0.0,23.27777777777778,0.6296296296296297,0.0,0.0,2.5925925925925926
2016-01-23,,9.685185,0.25925925,5.3703704,3786.0925,0.0,545.2351,21.037037,1387.6111,983.6667,338.51953,193.18518,206.58981,4641.6333,24.11111,1.3888888,30.814816,42.648148,0.8888889,329.0926,18.055555,7.314815,5.5,191.44444,8.481482,375.60504,389.7963,9.611111,11.166667,454.9807,133.06104,2609.598,1.962963,27.34902,,0.0,0.0,0.0,0.5925925925925926,0.0,0.14814814814814814,0.0,2.925925925925926,0.07407407407407407,0.05555555555555555,0.0,8.88888888888889,2.6481481481481484,0.0,0.0,0.0,0.35185185185185186,0.0,0.2777777777777778,0.0,0.0,0.0,0.0,0.0,0.037037037037037035,0.37037037037037035,0.0,0.018518518518518517,0.0,0.018518518518518517,0.0,0.0,0.7037037037037037
2016-01-24,,10.481482,0.3888889,5.1666665,4286.722,0.0,651.8723,11.407408,1424.9814,1080.7407,382.22778,233.83333,157.82536,4996.7197,24.851852,1.1296296,24.12963,40.592594,0.9259259,370.7963,21.722221,4.537037,5.0185184,0.0,6.611111,402.04822,433.83334,9.518518,11.666667,499.54083,129.75435,2902.4297,3.1296296,30.725464,,0.0,0.0,0.0,0.7037037037037037,0.0,25.14814814814815,0.0,2.9074074074074074,0.16666666666666666,0.12962962962962962,0.0,1.4814814814814814,3.3703703703703702,1.1481481481481481,0.0,0.018518518518518517,0.4074074074074074,0.0,0.2962962962962963,0.0,0.0,0.0,0.0,0.0,0.05555555555555555,0.48148148148148145,0.037037037037037035,0.0,0.0,0.018518518518518517,0.0,0.0,0.0
2016-01-25,,5.611111,0.22222222,2.9444444,2629.1853,0.0,457.98758,8.703704,988.6111,705.96295,260.09314,173.22223,97.281166,3406.0469,17.351852,0.6666667,16.314816,20.962963,0.33333334,237.98148,9.425926,3.2592592,4.296296,41.685184,5.185185,303.6271,267.83334,5.2222223,7.6296296,329.25317,92.74756,2067.5747,1.5185186,18.123463,,0.0,0.0,0.0,0.5740740740740741,0.0,0.14814814814814814,0.0,2.611111111111111,0.1111111111111111,0.037037037037037035,6.592592592592593,0.7592592592592593,2.740740740740741,0.0,0.0,0.018518518518518517,0.3333333333333333,0.0,0.2222222222222222,0.0,0.0,0.0,0.0,0.0,0.037037037037037035,0.2777777777777778,0.0,0.0,0.0,0.0,0.018518518518518517,0.0,0.0
2016-01-26,,6.4259257,0.18518518,2.851852,2375.111,0.0,406.2717,10.388889,913.3333,641.6667,226.99725,138.18518,93.84115,3108.3677,17.203703,1.0185186,16.5,20.314816,0.33333334,214.51852,8.648149,3.0185184,4.5740743,45.75926,4.5925927,278.47107,254.18518,5.0,6.6296296,302.38284,88.06911,2071.607,1.2777778,18.673481,,0.0,0.0,0.0,1.2407407407407407,0.0,0.16666666666666666,0.0,2.740740740740741,0.1111111111111111,0.18518518518518517,0.018518518518518517,0.7962962962962963,2.7777777777777777,0.0,0.0,0.037037037037037035,0.42592592592592593,0.0,0.2037037037037037,0.0,0.07407407407407407,0.0,0.018518518518518517,0.0,0.1111111111111111,0.5740740740740741,0.037037037037037035,0.0,0.0,0.2222222222222222,47.2037037037037,0.0,0.0
2016-01-27,,5.5185184,0.14814815,2.7592592,2394.889,0.0,411.4037,14.481482,915.5926,692.0185,206.63034,137.40741,107.949265,3096.335,17.37037,0.962963,19.074074,21.75926,0.42592594,203.48148,9.759259,5.962963,4.0,58.72222,4.185185,279.9927,234.33333,4.6296296,6.3333335,294.5593,96.208916,2717.5327,1.5925926,20.17837,,0.018518518518518517,0.0,0.0,2.5925925925925926,0.0,0.2222222222222222,0.018518518518518517,2.814814814814815,42.72222222222222,0.1111111111111111,0.018518518518518517,1.037037037037037,2.611111111111111,0.0,0.0,0.018518518518518517,0.3148148148148148,0.0,0.16666666666666666,0.0,0.6296296296296297,0.0,0.0,0.0,0.037037037037037035,0.42592592592592593,0.0,0.0,0.0,4.12962962962963,94.27777777777777,0.0,0.0
2016-01-28,,5.814815,0.18518518,2.4074075,2108.7036,0.0,364.63666,13.851851,839.5926,569.0741,192.89699,112.57407,99.65059,2728.569,18.037037,0.9444444,19.666666,23.25926,0.4074074,180.7037,8.62963,3.0555556,3.425926,66.42593,3.851852,296.98422,212.37038,4.5740743,5.759259,261.43268,89.36783,1629.2915,1.2407408,16.130575,,0.0,0.0,0.0,12.333333333333334,0.0,0.18518518518518517,0.037037037037037035,2.425925925925926,0.018518518518518517,0.037037037037037035,0.018518518518518517,0.8888888888888888,20.22222222222222,0.0,0.0,0.0,0.4074074074074074,0.0,0.12962962962962962,0.0,0.0,0.0,0.18518518518518517,0.0,8.925925925925926,0.09259259259259259,0.018518518518518517,0.018518518518518517,0.018518518518518517,0.0,0.018518518518518517,0.0,0.0
2016-01-29,,6.0185184,0.12962963,2.7037036,2537.4443,0.0,429.5316,18.666666,993.6667,688.5926,273.60062,150.18518,138.95595,3386.9722,19.203703,1.0185186,24.722221,24.314816,0.5185185,215.0,7.9074073,5.314815,5.462963,130.2963,5.296296,419.4522,245.0,4.2222223,6.796296,442.77676,104.42913,1915.3538,1.0,26.793592,,0.018518518518518517,0.0,0.0,12.481481481481481,0.0,0.24074074074074073,0.0,3.1666666666666665,1.7407407407407407,50.166666666666664,12.185185185185185,1.1851851851851851,22.314814814814813,0.0,0.0,0.0,0.42592592592592593,0.0,0.2777777777777778,0.0,0.0,0.0,0.2777777777777778,0.0,21.75925925925926,0.09259259259259259,0.0,0.0,23.425925925925927,0.6296296296296297,0.05555555555555555,0.0,2.537037037037037
2016-01-30,,10.037037,0.2962963,5.3703704,3880.389,0.0,575.30817,22.11111,1579.8334,1008.2778,365.14578,204.77777,212.81839,5234.864,24.462963,1.5,31.38889,45.51852,0.6851852,382.18518,18.055555,6.537037,6.5,185.59259,7.148148,392.9138,463.01852,8.37037,11.611111,477.46817,135.96133,2634.122,2.1296296,27.423964,,0.0,0.0,0.0,13.925925925925926,0.0,0.18518518518518517,0.0,3.0185185185185186,0.05555555555555555,0.12962962962962962,0.018518518518518517,9.25925925925926,22.962962962962962,0.0,0.0,0.018518518518518517,0.46296296296296297,0.0,0.16666666666666666,0.0,0.0,0.0,0.3148148148148148,0.0,0.05555555555555555,0.2222222222222222,0.07407407407407407,0.0,0.0,0.0,0.0,0.018518518518518517,0.7962962962962963
2016-01-31,,12.648149,0.16666667,6.685185,4545.9443,0.0,708.0653,12.981482,1746.8704,1155.1482,419.33908,240.90741,171.9282,5867.1685,24.703703,1.5,29.907408,46.944443,1.1851852,447.2963,21.962963,6.351852,7.648148,0.0,6.6296296,441.3355,541.6852,9.740741,12.314815,539.97095,142.44427,3038.0854,3.5925925,33.50028,,0.0,0.0,0.018518518518518517,14.425925925925926,0.0,25.01851851851852,0.037037037037037035,3.3333333333333335,0.18518518518518517,0.1111111111111111,0.018518518518518517,1.6111111111111112,22.703703703703702,1.1666666666666667,0.0,0.018518518518518517,0.5,0.0,0.2222222222222222,0.0,0.0,0.0,0.0,0.018518518518518517,0.05555555555555555,0.12962962962962962,0.037037037037037035,0.0,0.0,0.0,0.0,0.0,0.0
2016-02-01,,8.018518,0.2037037,3.7592592,3382.1853,0.0,531.6262,11.222222,1472.7778,865.8333,341.27777,228.7037,127.062645,4865.1064,20.796297,1.3518518,22.75926,38.25926,0.6296296,355.12964,9.944445,3.7962964,5.4259257,63.407406,4.388889,373.6801,434.94446,6.648148,8.074074,425.6858,111.94448,2400.2214,1.425926,23.030592,,0.018518518518518517,0.0,0.0,14.648148148148149,0.0,0.16666666666666666,0.018518518518518517,3.259259259259259,0.2037037037037037,0.16666666666666666,7.12962962962963,0.9074074074074074,23.98148148148148,0.0,0.0,0.05555555555555555,0.5555555555555556,0.0,0.3333333333333333,0.0,0.0,0.018518518518518517,0.16666666666666666,0.0,0.07407407407407407,0.14814814814814814,0.037037037037037035,0.018518518518518517,0.0,0.0,0.018518518518518517,0.018518518518518517,0.0
2016-02-02,,7.5555553,0.2962963,3.6666667,2857.111,0.0,450.44412,12.462963,1302.2593,736.2593,286.40402,161.96297,116.59181,4201.2944,19.518518,1.1296296,21.481482,32.11111,0.5185185,300.48148,8.277778,3.5185184,5.685185,57.351852,3.8888888,351.41324,374.77777,5.5740743,7.814815,440.37814,97.34608,2280.45,1.5,21.46002,,0.0,0.0,0.0,14.722222222222221,0.0,0.12962962962962962,0.037037037037037035,3.1666666666666665,0.05555555555555555,0.2037037037037037,0.0,0.9444444444444444,22.48148148148148,0.0,0.0,0.018518518518518517,0.5370370370370371,0.0,0.24074074074074073,0.0,0.09259259259259259,0.0,0.09259259259259259,0.0,0.12962962962962962,0.12962962962962962,0.018518518518518517,0.0,0.0,0.2037037037037037,47.98148148148148,0.0,0.0
2016-02-03,,6.5588236,0.44117647,1.882353,2249.6177,0.0,372.40863,10.176471,1050.6765,574.2059,221.04886,120.23529,88.76606,3334.9468,12.941176,0.7647059,20.911764,28.558823,0.5588235,235.79411,7.2352943,3.764706,6.0588236,74.94118,2.264706,229.1113,290.70587,3.7058823,6.117647,308.44922,79.73791,1812.2324,0.88235295,13.178764,0.0,0.0,0.0,0.0,10.176470588235293,0.0,0.17647058823529413,0.0,1.7058823529411764,56.14705882352941,0.14705882352941177,0.058823529411764705,0.7352941176470589,15.941176470588236,0.0,0.0,0.029411764705882353,0.29411764705882354,0.0,0.20588235294117646,0.0,0.4117647058823529,0.0,0.14705882352941177,0.0,0.08823529411764706,0.20588235294117646,0.029411764705882353,0.0,0.0,4.9411764705882355,60.794117647058826,0.0,0.0
